R2_lo,R2,R2_hi,PI_cov%,PI_width
0.7410839435416812,0.8700481560829745,0.940531955274765,57.89473684210527,233.96348851547035
