Model,R2_lower,R2_point,R2_upper,PI_coverage_pct,PI_mean_width_MPa
STACK,0.10731631186533336,0.020592831453825067,0.9154509191140585,60.0,537.6932034858668
