predicted_strength_MPa,predicted_modulus_GPa
1533.0007441940684,135.75462084070332
1533.0007441940684,135.75462084070332
1533.0007441940684,135.75462084070332
1536.7879366127986,135.50048617392633
1925.4815316402994,131.39816955168152
1930.4788779628673,131.14403488490458
1533.0007441940684,135.75462084070332
1533.0007441940684,135.75462084070332
1535.4879660045387,135.5004861739264
1527.5236804516653,135.90162084070332
1536.7879366127986,135.50048617392633
